"Accessories","Eyewear & Accessories","http://www.aliexpress.com/category/200001994/accessories.html"
"Reading Glasses","Eyewear & Accessories","http://www.aliexpress.com/category/200000747/reading-glasses.html"
"Sunglasses","Eyewear & Accessories","http://www.aliexpress.com/category/200000750/sunglasses.html"
"Baseball Caps","Hats & Caps","http://www.aliexpress.com/category/200001010/baseball-caps.html"
"Berets","Hats & Caps","http://www.aliexpress.com/category/32702/berets.html"
"Bomber Hats","Hats & Caps","http://www.aliexpress.com/category/200001013/bomber-hats.html"
"Bucket Hats","Hats & Caps","http://www.aliexpress.com/category/200001014/bucket-hats.html"
"Cowboy Hats","Hats & Caps","http://www.aliexpress.com/category/200001015/cowboy-hats.html"
"Fedoras","Hats & Caps","http://www.aliexpress.com/category/200001016/fedoras.html"
"Military Hats","Hats & Caps","http://www.aliexpress.com/category/200003418/military-hats.html"
"Newsboy Caps","Hats & Caps","http://www.aliexpress.com/category/200001019/newsboy-caps.html"
"Skullies & Beanies","Hats & Caps","http://www.aliexpress.com/category/200001020/skullies-beanies.html"
"Sun Hats","Hats & Caps","http://www.aliexpress.com/category/200001021/sun-hats.html"
"Visors","Hats & Caps","http://www.aliexpress.com/category/200001022/visors.html"
"Bodysuits","Shapers","http://www.aliexpress.com/category/200001073/bodysuits.html"
"Control Panties","Shapers","http://www.aliexpress.com/category/200001074/control-panties.html"
"Control Slips","Shapers","http://www.aliexpress.com/category/200003497/control-slips.html"
"Tops","Shapers","http://www.aliexpress.com/category/200001079/tops.html"
"Waist Cinchers","Shapers","http://www.aliexpress.com/category/200001080/waist-cinchers.html"
"Bikinis","Panties","http://www.aliexpress.com/category/200001063/bikinis.html"
"Boy Shorts","Panties","http://www.aliexpress.com/category/200001066/boy-shorts.html"
"Briefs","Panties","http://www.aliexpress.com/category/200001067/briefs.html"
"G-Strings, Thongs & Tangas","Panties","http://www.aliexpress.com/category/200001069/g-strings-thongs-tangas.html"
"Adhesive Bras","Accessories","http://www.aliexpress.com/category/200001031/adhesive-bras.html"
"Bra Extenders","Accessories","http://www.aliexpress.com/category/200001032/bra-extenders.html"
"Breast Petals","Accessories","http://www.aliexpress.com/category/200001033/breast-petals.html"
"Lingerie Bags","Accessories","http://www.aliexpress.com/category/200001034/lingerie-bags.html"
"Lingerie Tape","Accessories","http://www.aliexpress.com/category/200001035/lingerie-tape.html"
"Pads & Enhancers","Accessories","http://www.aliexpress.com/category/200001036/pads-enhancers.html"
"Straps","Accessories","http://www.aliexpress.com/category/200001037/straps.html"
"Full Slips","Slips","http://www.aliexpress.com/category/200001083/full-slips.html"
"Half Slips","Slips","http://www.aliexpress.com/category/200001084/half-slips.html"
"Pant Liner Slips","Slips","http://www.aliexpress.com/category/200001086/pant-liner-slips.html"
"Panties","Intimates","http://www.aliexpress.com/category/200001916/panties.html"
"Coats","Outerwear & Coats","http://www.aliexpress.com/category/200001282/coats.html"
"Jackets","Outerwear & Coats","http://www.aliexpress.com/category/200001283/jackets.html"
"Vests","Outerwear & Coats","http://www.aliexpress.com/category/200001284/vests.html"
"Cardigans","Sweaters","http://www.aliexpress.com/category/200001402/cardigans.html"
"Pullovers","Sweaters","http://www.aliexpress.com/category/200001411/pullovers.html"
"Vests","Sweaters","http://www.aliexpress.com/category/200001413/vests.html"
"One Pieces","Swimwear","http://www.aliexpress.com/category/200001390/one-pieces.html"
"Tankinis Set","Swimwear","http://www.aliexpress.com/category/200001394/tankinis-set.html"
"Tanks & Camis","Tops & Tees","http://www.aliexpress.com/category/200001385/tanks-camis.html"
"Tees","Tops & Tees","http://www.aliexpress.com/category/200001380/tees.html"
"Accessories","Eyewear & Accessories","http://www.aliexpress.com/category/200001918/accessories.html"
"Reading Glasses","Eyewear & Accessories","http://www.aliexpress.com/category/200002038/reading-glasses.html"
"Sunglasses","Eyewear & Accessories","http://www.aliexpress.com/category/200000621/sunglasses.html"
"Baseball Caps","Hats & Caps","http://www.aliexpress.com/category/200000626/baseball-caps.html"
"Bomber Hats","Hats & Caps","http://www.aliexpress.com/category/200003468/bomber-hats.html"
"Bucket Hats","Hats & Caps","http://www.aliexpress.com/category/200000627/bucket-hats.html"
"Cowboy Hats","Hats & Caps","http://www.aliexpress.com/category/200000628/cowboy-hats.html"
"Fedoras","Hats & Caps","http://www.aliexpress.com/category/200000629/fedoras.html"
"Military Hats","Hats & Caps","http://www.aliexpress.com/category/200003469/military-hats.html"
"Newsboy Caps","Hats & Caps","http://www.aliexpress.com/category/200000632/newsboy-caps.html"
"Skullies & Beanies","Hats & Caps","http://www.aliexpress.com/category/200000634/skullies-beanies.html"
"Visors","Hats & Caps","http://www.aliexpress.com/category/200000635/visors.html"
"Suits","Grooms Wear","http://www.aliexpress.com/category/200001635/suits.html"
"Tuxedo Shirts","Grooms Wear","http://www.aliexpress.com/category/100005822/tuxedo-shirts.html"
"Tuxedos","Grooms Wear","http://www.aliexpress.com/category/100005820/tuxedos.html"
"Vests","Grooms Wear","http://www.aliexpress.com/category/100005821/vests.html"
"Boas","Baby & Kids' Costumes","http://www.aliexpress.com/category/200001278/boas.html"
"Costumes","Baby & Kids' Costumes","http://www.aliexpress.com/category/200001280/costumes.html"
"Gloves & Handwear","Baby & Kids' Costumes","http://www.aliexpress.com/category/200001287/gloves-handwear.html"
"Headwear & Hats","Baby & Kids' Costumes","http://www.aliexpress.com/category/200001288/headwear-hats.html"
"Masks & Eyewear","Baby & Kids' Costumes","http://www.aliexpress.com/category/200001289/masks-eyewear.html"
"Stockings, Tights & Socks","Baby & Kids' Costumes","http://www.aliexpress.com/category/200001290/stockings-tights-socks.html"
"Ties & Sashes","Baby & Kids' Costumes","http://www.aliexpress.com/category/200001291/ties-sashes.html"
"Costumes","Men's Costumes","http://www.aliexpress.com/category/200003437/costumes.html"
"Headwear & Hats","Men's Costumes","http://www.aliexpress.com/category/200003439/headwear-hats.html"
"Ties & Sashes","Men's Costumes","http://www.aliexpress.com/category/200003442/ties-sashes.html"
"Boas","Men's Costumes","http://www.aliexpress.com/category/200003435/boas.html"
"Masks & Eyewear","Men's Costumes","http://www.aliexpress.com/category/200003440/masks-eyewear.html"
"Gloves & Handwear","Men's Costumes","http://www.aliexpress.com/category/200003438/gloves-handwear.html"
"Stockings, Tights & Socks","Men's Costumes","http://www.aliexpress.com/category/200003441/stockings-tights-socks.html"
"Costumes","Women's Costumes","http://www.aliexpress.com/category/200001296/costumes.html"
"Stockings, Tights & Socks","Women's Costumes","http://www.aliexpress.com/category/200001301/stockings-tights-socks.html"
"Boas","Women's Costumes","http://www.aliexpress.com/category/200001293/boas.html"
"Ties & Sashes","Women's Costumes","http://www.aliexpress.com/category/200001302/ties-sashes.html"
"Gloves & Handwear","Women's Costumes","http://www.aliexpress.com/category/200001298/gloves-handwear.html"
"Masks & Eyewear","Women's Costumes","http://www.aliexpress.com/category/200001300/masks-eyewear.html"
"Headwear & Hats","Women's Costumes","http://www.aliexpress.com/category/200001299/headwear-hats.html"
"Babydolls & Chemises","Women's","http://www.aliexpress.com/category/200001055/babydolls-chemises.html"
"Bras","Women's","http://www.aliexpress.com/category/200001315/bras.html"
"Costumes","Women's","http://www.aliexpress.com/category/200001317/costumes.html"
"Hosiery","Women's","http://www.aliexpress.com/category/200001319/hosiery.html"
"Lingerie Sets","Women's","http://www.aliexpress.com/category/200003905/lingerie-sets.html"
"Teddies & Bodysuits","Women's","http://www.aliexpress.com/category/200003443/teddies-bodysuits.html"
"Costumes","Men's","http://www.aliexpress.com/category/200001308/costumes.html"
"Socks & Hosiery","Men's","http://www.aliexpress.com/category/200001316/socks-hosiery.html"
"Men's","American Football","http://www.aliexpress.com/category/200001206/men.html"
"Boys'","American Football","http://www.aliexpress.com/category/200001134/boys.html"
"Women's","American Football","http://www.aliexpress.com/category/200001241/women.html"
"Girls'","American Football","http://www.aliexpress.com/category/200001174/girls.html"
"Men's","Baseball","http://www.aliexpress.com/category/200001197/men.html"
"Girls'","Baseball","http://www.aliexpress.com/category/200001159/girls.html"
"Boys'","Baseball","http://www.aliexpress.com/category/200001126/boys.html"
"Women's","Baseball","http://www.aliexpress.com/category/200001229/women.html"
"Men's","Basketball","http://www.aliexpress.com/category/200002001/men.html"
"Women's","Basketball","http://www.aliexpress.com/category/200002002/women.html"
"Girls'","Basketball","http://www.aliexpress.com/category/200001999/girls.html"
"Boys'","Basketball","http://www.aliexpress.com/category/200001998/boys.html"
"Men's","Bowling","http://www.aliexpress.com/category/200001198/men.html"
"Women's","Bowling","http://www.aliexpress.com/category/200001230/women.html"
"Girls'","Bowling","http://www.aliexpress.com/category/200001165/girls.html"
"Men's","Boxing","http://www.aliexpress.com/category/200001202/men.html"
"Women's","Boxing","http://www.aliexpress.com/category/200001234/women.html"
"Boys'","Boxing","http://www.aliexpress.com/category/200001128/boys.html"
"Men's","Camping & Hiking","http://www.aliexpress.com/category/200001203/men.html"
"Women's","Camping & Hiking","http://www.aliexpress.com/category/200001235/women.html"
"Boys'","Camping & Hiking","http://www.aliexpress.com/category/200001130/boys.html"
"Girls'","Camping & Hiking","http://www.aliexpress.com/category/200001501/girls.html"
"Men's","Cycling Clothing","http://www.aliexpress.com/category/200001204/men.html"
"Women's","Cycling Clothing","http://www.aliexpress.com/category/200001239/women.html"
"Boys'","Cycling Clothing","http://www.aliexpress.com/category/200001133/boys.html"
"Girls'","Cycling Clothing","http://www.aliexpress.com/category/200001173/girls.html"
"Men's","Golf","http://www.aliexpress.com/category/200001208/men.html"
"Women's","Golf","http://www.aliexpress.com/category/200001242/women.html"
"Boys'","Golf","http://www.aliexpress.com/category/200001135/boys.html"
"Girls'","Golf","http://www.aliexpress.com/category/200001175/girls.html"
"Men's","Ice Hockey","http://www.aliexpress.com/category/200001210/men.html"
"Girls'","Ice Hockey","http://www.aliexpress.com/category/200001178/girls.html"
"Boys'","Ice Hockey","http://www.aliexpress.com/category/200001138/boys.html"
"Women's","Ice Hockey","http://www.aliexpress.com/category/200001246/women.html"
"Girls'","Martial Arts","http://www.aliexpress.com/category/200001179/girls.html"
"Boys'","Martial Arts","http://www.aliexpress.com/category/200001140/boys.html"
"Men's","Martial Arts","http://www.aliexpress.com/category/200001213/men.html"
"Women's","Martial Arts","http://www.aliexpress.com/category/200001248/women.html"
"Boys'","Motorcycle & Auto Racing","http://www.aliexpress.com/category/200002016/boys.html"
"Women's","Motorcycle & Auto Racing","http://www.aliexpress.com/category/200002019/women.html"
"Men's","Motorcycle & Auto Racing","http://www.aliexpress.com/category/200002018/men.html"
"Girls'","Motorcycle & Auto Racing","http://www.aliexpress.com/category/200002017/girls.html"
"Men's","Rugby","http://www.aliexpress.com/category/200001214/men.html"
"Women's","Rugby","http://www.aliexpress.com/category/200001249/women.html"
"Girls'","Rugby","http://www.aliexpress.com/category/200001181/girls.html"
"Boys'","Rugby","http://www.aliexpress.com/category/200001141/boys.html"
"Men's","Running","http://www.aliexpress.com/category/200001218/men.html"
"Women's","Running","http://www.aliexpress.com/category/200001250/women.html"
"Boys'","Running","http://www.aliexpress.com/category/200001142/boys.html"
"Girls'","Running","http://www.aliexpress.com/category/200001182/girls.html"
"Women's","Skateboarding","http://www.aliexpress.com/category/200001251/women.html"
"Men's","Skateboarding","http://www.aliexpress.com/category/200001226/men.html"
"Boys'","Skateboarding","http://www.aliexpress.com/category/200001143/boys.html"
"Girls'","Skateboarding","http://www.aliexpress.com/category/200001184/girls.html"
"Women's","Skiing","http://www.aliexpress.com/category/200001252/women.html"
"Men's","Skiing","http://www.aliexpress.com/category/200001224/men.html"
"Girls'","Skiing","http://www.aliexpress.com/category/200001189/girls.html"
"Boys'","Skiing","http://www.aliexpress.com/category/200001144/boys.html"
"Men's","Snowboarding","http://www.aliexpress.com/category/200001225/men.html"
"Women's","Snowboarding","http://www.aliexpress.com/category/200001257/women.html"
"Girls'","Snowboarding","http://www.aliexpress.com/category/200001185/girls.html"
"Boys'","Snowboarding","http://www.aliexpress.com/category/200001145/boys.html"
"Men's","Soccer","http://www.aliexpress.com/category/200001212/men.html"
"Girls'","Soccer","http://www.aliexpress.com/category/200001186/girls.html"
"Boys'","Soccer","http://www.aliexpress.com/category/200001146/boys.html"
"Women's","Soccer","http://www.aliexpress.com/category/200001254/women.html"
"Women's","Swim","http://www.aliexpress.com/category/200001256/women.html"
"Men's","Swim","http://www.aliexpress.com/category/200001228/men.html"
"Boys'","Swim","http://www.aliexpress.com/category/200001147/boys.html"
"Girls'","Swim","http://www.aliexpress.com/category/200001188/girls.html"
"Men's","Tennis","http://www.aliexpress.com/category/200001222/men.html"
"Women's","Tennis","http://www.aliexpress.com/category/200001544/women.html"
"Girls'","Tennis","http://www.aliexpress.com/category/200001190/girls.html"
"Women's","Volleyball","http://www.aliexpress.com/category/200001260/women.html"
"Men's","Volleyball","http://www.aliexpress.com/category/200001221/men.html"
"Girls'","Volleyball","http://www.aliexpress.com/category/200001194/girls.html"
"Boys'","Volleyball","http://www.aliexpress.com/category/200001151/boys.html"
"Women's","Yoga Clothing","http://www.aliexpress.com/category/200001259/women.html"
"Men's","Yoga Clothing","http://www.aliexpress.com/category/200001220/men.html"
"Girls'","Yoga Clothing","http://www.aliexpress.com/category/200001195/girls.html"
"Boys'","Yoga Clothing","http://www.aliexpress.com/category/200001158/boys.html"
"Accessories","Food Service","http://www.aliexpress.com/category/200001369/accessories.html"
"Chef Jackets","Food Service","http://www.aliexpress.com/category/200001454/chef-jackets.html"
"Chef Pants","Food Service","http://www.aliexpress.com/category/200001467/chef-pants.html"
"Scrub Tops","Medical","http://www.aliexpress.com/category/200001463/scrub-tops.html"
"Lab Coats","Medical","http://www.aliexpress.com/category/200001455/lab-coats.html"
"Scrub Sets","Medical","http://www.aliexpress.com/category/200001461/scrub-sets.html"
"Accessories","Medical","http://www.aliexpress.com/category/200001368/accessories.html"
"Scrub Bottoms","Medical","http://www.aliexpress.com/category/200001468/scrub-bottoms.html"
"Aprons","Work Safety Clothing","http://www.aliexpress.com/category/200001441/aprons.html"
"Bottoms","Work Safety Clothing","http://www.aliexpress.com/category/200001410/bottoms.html"
"Sets","Work Safety Clothing","http://www.aliexpress.com/category/200001421/sets.html"
"Tops","Work Safety Clothing","http://www.aliexpress.com/category/200001437/tops.html"
"Front Window","Solar Protection Foils","http://www.aliexpress.com/category/200000286/front-window.html"
"Side Window","Solar Protection Foils","http://www.aliexpress.com/category/200000288/side-window.html"
"Rear Window","Solar Protection Foils","http://www.aliexpress.com/category/200000287/rear-window.html"
"Flashers","Lamps","http://www.aliexpress.com/category/200000488/flashers.html"
"Brake Lights","Lamps","http://www.aliexpress.com/category/200000487/brake-lights.html"
"Xenon Headlights","Headlights","http://www.aliexpress.com/category/200000304/xenon-headlights.html"
"Main Beam Lights","Headlights","http://www.aliexpress.com/category/200000303/main-beam-lights.html"
"Fog Lamps","Headlights","http://www.aliexpress.com/category/200000301/fog-lamps.html"
"Front Headlights","Headlights","http://www.aliexpress.com/category/200000302/front-headlights.html"
"Mono Amplifiers","Amplifiers","http://www.aliexpress.com/category/200000388/mono-amplifiers.html"
"Multichannel Amplifiers","Amplifiers","http://www.aliexpress.com/category/200000389/multichannel-amplifiers.html"
"Stereo Amplifiers","Amplifiers","http://www.aliexpress.com/category/200000390/stereo-amplifiers.html"
"Tweeters","Speakers","http://www.aliexpress.com/category/200000396/tweeters.html"
"Speakers Sets","Speakers","http://www.aliexpress.com/category/200000397/speakers-sets.html"
"Coaxial speakers","Speakers","http://www.aliexpress.com/category/200000395/coaxial-speakers.html"
"Enclosed Subwoofer Systems","Subwoofers","http://www.aliexpress.com/category/200000399/enclosed-subwoofer-systems.html"
"Component Subwoofers","Subwoofers","http://www.aliexpress.com/category/200000398/component-subwoofers.html"
"Marine Subwoofers","Subwoofers","http://www.aliexpress.com/category/200000400/marine-subwoofers.html"
"Bibs & Burp Cloths","Accessories","http://www.aliexpress.com/category/200000530/bibs-burp-cloths.html"
"Gloves & Mittens","Accessories","http://www.aliexpress.com/category/200000531/gloves-mittens.html"
"Hats & Caps","Accessories","http://www.aliexpress.com/category/200000532/hats-caps.html"
"Receiving Blankets","Accessories","http://www.aliexpress.com/category/200000533/receiving-blankets.html"
"Bodysuits","Bodysuits & One-Pieces","http://www.aliexpress.com/category/200000536/bodysuits.html"
"Footies","Bodysuits & One-Pieces","http://www.aliexpress.com/category/200000537/footies.html"
"Rompers","Bodysuits & One-Pieces","http://www.aliexpress.com/category/200000538/rompers.html"
"Jackets & Coats","Outerwear & Coats","http://www.aliexpress.com/category/200000545/jackets-coats.html"
"Snow Wear","Outerwear & Coats","http://www.aliexpress.com/category/200003462/snow-wear.html"
"Vests","Outerwear & Coats","http://www.aliexpress.com/category/200000546/vests.html"
"Blanket Sleepers","Sleepwear & Robes","http://www.aliexpress.com/category/200000551/blanket-sleepers.html"
"Pajama Bottoms","Sleepwear & Robes","http://www.aliexpress.com/category/200000552/pajama-bottoms.html"
"Pajama Sets","Sleepwear & Robes","http://www.aliexpress.com/category/200000553/pajama-sets.html"
"Pajama Tops","Sleepwear & Robes","http://www.aliexpress.com/category/200000554/pajama-tops.html"
"Robes","Sleepwear & Robes","http://www.aliexpress.com/category/200000555/robes.html"
"Sleepsacks","Sleepwear & Robes","http://www.aliexpress.com/category/200000556/sleepsacks.html"
"Leg Warmers","Socks & Leg Warmers","http://www.aliexpress.com/category/200003481/leg-warmers.html"
"Socks","Socks & Leg Warmers","http://www.aliexpress.com/category/200003480/socks.html"
"Shirts","Tops","http://www.aliexpress.com/category/200000539/shirts.html"
"Tees","Tops","http://www.aliexpress.com/category/200001638/tees.html"
"Bibs & Burp Cloths","Accessories","http://www.aliexpress.com/category/200000569/bibs-burp-cloths.html"
"Gloves & Mittens","Accessories","http://www.aliexpress.com/category/200000570/gloves-mittens.html"
"Hair Accessories","Accessories","http://www.aliexpress.com/category/200003463/hair-accessories.html"
"Hats & Caps","Accessories","http://www.aliexpress.com/category/200000571/hats-caps.html"
"Receiving Blankets","Accessories","http://www.aliexpress.com/category/200000572/receiving-blankets.html"
"Bodysuits","Bodysuits & One-Pieces","http://www.aliexpress.com/category/200000745/bodysuits.html"
"Footies","Bodysuits & One-Pieces","http://www.aliexpress.com/category/200000753/footies.html"
"Rompers","Bodysuits & One-Pieces","http://www.aliexpress.com/category/200000754/rompers.html"
"Jackets & Coats","Outerwear & Coats","http://www.aliexpress.com/category/200000787/jackets-coats.html"
"Snow Wear","Outerwear & Coats","http://www.aliexpress.com/category/200003464/snow-wear.html"
"Vests","Outerwear & Coats","http://www.aliexpress.com/category/200000789/vests.html"
"Blanket Sleepers","Sleepwear & Robes","http://www.aliexpress.com/category/200000810/blanket-sleepers.html"
"Nightgowns","Sleepwear & Robes","http://www.aliexpress.com/category/200000816/nightgowns.html"
"Pajama Bottoms","Sleepwear & Robes","http://www.aliexpress.com/category/200000811/pajama-bottoms.html"
"Pajama Sets","Sleepwear & Robes","http://www.aliexpress.com/category/200000812/pajama-sets.html"
"Pajama Tops","Sleepwear & Robes","http://www.aliexpress.com/category/200000813/pajama-tops.html"
"Robes","Sleepwear & Robes","http://www.aliexpress.com/category/200000814/robes.html"
"Sleepsacks","Sleepwear & Robes","http://www.aliexpress.com/category/200000815/sleepsacks.html"
"Leg Warmers","Socks & Tights","http://www.aliexpress.com/category/200000817/leg-warmers.html"
"Socks","Socks & Tights","http://www.aliexpress.com/category/200000818/socks.html"
"Blouses","Tops","http://www.aliexpress.com/category/200000833/blouses.html"
"Tees","Tops","http://www.aliexpress.com/category/200000835/tees.html"
"Lace Closure","Closure","http://www.aliexpress.com/category/200004938/lace-closure.html"
"Lace Frontal","Closure","http://www.aliexpress.com/category/200004939/lace-frontal.html"
"Skin Weft Hair Extensions","Hair Extension","http://www.aliexpress.com/category/200004945/skin-weft-hair-extensions.html"
"Clip in Hair Extensions","Hair Extension","http://www.aliexpress.com/category/200004942/clip-in-hair-extensions.html"
"Fusion Hair Extensions","Hair Extension","http://www.aliexpress.com/category/200004943/fusion-hair-extensions.html"
"Micro Loop Ring Hair Extensions","Hair Extension","http://www.aliexpress.com/category/200004944/micro-loop-ring-hair-extensions.html"
"Bulk Hair","Hair Extension","http://www.aliexpress.com/category/200004941/bulk-hair.html"
"Fusion Hair Extensions","Hair Extension","http://www.aliexpress.com/category/200004959/fusion-hair-extensions.html"
"Clip in Hair Extensions","Hair Extension","http://www.aliexpress.com/category/200004958/clip-in-hair-extensions.html"
"Bulk Hair","Hair Extension","http://www.aliexpress.com/category/200004957/bulk-hair.html"
"Micro Loop Ring Hair Extensions","Hair Extension","http://www.aliexpress.com/category/200004960/micro-loop-ring-hair-extensions.html"
"Skin Weft Hair Extensions","Hair Extension","http://www.aliexpress.com/category/200004961/skin-weft-hair-extensions.html"
"Lace Closure","Closure","http://www.aliexpress.com/category/200004954/lace-closure.html"
"Lace Frontal","Closure","http://www.aliexpress.com/category/200004955/lace-frontal.html"
"Bulk Hair","Hair Extension","http://www.aliexpress.com/category/200004924/bulk-hair.html"
"Clip in Hair Extensions","Hair Extension","http://www.aliexpress.com/category/200004925/clip-in-hair-extensions.html"
"Fusion Hair Extensions","Hair Extension","http://www.aliexpress.com/category/200004926/fusion-hair-extensions.html"
"Skin Weft Hair Extensions","Hair Extension","http://www.aliexpress.com/category/200004928/skin-weft-hair-extensions.html"
"Micro Loop Ring Hair Extensions","Hair Extension","http://www.aliexpress.com/category/200004927/micro-loop-ring-hair-extensions.html"
"Lace Closure","Closure","http://www.aliexpress.com/category/200004921/lace-closure.html"
"Lace Frontal","Closure","http://www.aliexpress.com/category/200004922/lace-frontal.html"
"Pizza Pans","Baking Dishes & Pan","http://www.aliexpress.com/category/200002682/pizza-pans.html"
"Pie Dishes & Pans","Baking Dishes & Pan","http://www.aliexpress.com/category/200002681/pie-dishes-pans.html"
"Cake Pans","Baking Dishes & Pan","http://www.aliexpress.com/category/200002679/cake-pans.html"
"Bread & Loaf Pans","Baking Dishes & Pan","http://www.aliexpress.com/category/200002678/bread-loaf-pans.html"
"Souffle Dishes & Ramekins","Baking Dishes & Pan","http://www.aliexpress.com/category/200002683/souffle-dishes-ramekins.html"
"Tart & Quiche Pans","Baking Dishes & Pan","http://www.aliexpress.com/category/200002685/tart-quiche-pans.html"
"Au Gratin Dishes","Baking Dishes & Pan","http://www.aliexpress.com/category/200002676/au-gratin-dishes.html"
"Muffin Pans","Baking Dishes & Pan","http://www.aliexpress.com/category/200002680/muffin-pans.html"
"Springform & Cheesecake Pans","Baking Dishes & Pan","http://www.aliexpress.com/category/200002684/springform-cheesecake-pans.html"
"Biscuit Pans","Baking Dishes & Pan","http://www.aliexpress.com/category/200002677/biscuit-pans.html"
"Pizza Stones","Pizza Tool","http://www.aliexpress.com/category/200002706/pizza-stones.html"
"Pizza Cutters & Wheels","Pizza Tool","http://www.aliexpress.com/category/200002702/pizza-cutters-wheels.html"
"Pizza Scissors","Pizza Tool","http://www.aliexpress.com/category/200002704/pizza-scissors.html"
"Stone Scrubbers","Pizza Tool","http://www.aliexpress.com/category/200002707/stone-scrubbers.html"
"Pizza Peels","Pizza Tool","http://www.aliexpress.com/category/200002703/pizza-peels.html"
"Pie Servers","Pie Tool","http://www.aliexpress.com/category/200002699/pie-servers.html"
"Pie Cutters","Pie Tool","http://www.aliexpress.com/category/200002698/pie-cutters.html"
"Pie Crust Shields","Pie Tool","http://www.aliexpress.com/category/200002697/pie-crust-shields.html"
"Pie Boards","Pie Tool","http://www.aliexpress.com/category/200002696/pie-boards.html"
"Cookie Presses & Icing Sets","Cookie Tool","http://www.aliexpress.com/category/200002689/cookie-presses-icing-sets.html"
"Cookie Moulds","Cookie Tool","http://www.aliexpress.com/category/200002693/cookie-moulds.html"
"Cookie Spatulas","Cookie Tool","http://www.aliexpress.com/category/200002691/cookie-spatulas.html"
"Cookie Stamps","Cookie Tool","http://www.aliexpress.com/category/200002692/cookie-stamps.html"
"Tea Sticks","Coffee & Tea Tool","http://www.aliexpress.com/category/200002766/tea-sticks.html"
"Grinder Brushes","Coffee & Tea Tool","http://www.aliexpress.com/category/200002762/grinder-brushes.html"
"Tea Infusers","Coffee & Tea Tool","http://www.aliexpress.com/category/200002765/tea-infusers.html"
"Percolators","Coffee & Tea Tool","http://www.aliexpress.com/category/200002763/percolators.html"
"Tea Strainers","Coffee & Tea Tool","http://www.aliexpress.com/category/200002767/tea-strainers.html"
"Coffee Tampers","Coffee & Tea Tool","http://www.aliexpress.com/category/200002760/coffee-tampers.html"
"Tea Balls","Coffee & Tea Tool","http://www.aliexpress.com/category/200002764/tea-balls.html"
"Coffee Scoops","Coffee & Tea Tool","http://www.aliexpress.com/category/200002759/coffee-scoops.html"
"French Presses","Coffee & Tea Tool","http://www.aliexpress.com/category/200002761/french-presses.html"
"Coffee Filter Baskets","Coffee & Tea Tool","http://www.aliexpress.com/category/200002757/coffee-filter-baskets.html"
"Coffee Grinders","Coffee & Tea Tool","http://www.aliexpress.com/category/200002758/coffee-grinders.html"
"Garnishes","Fruit & Vegetable Tool","http://www.aliexpress.com/category/200002794/garnishes.html"
"Peelers & Zesters","Fruit & Vegetable Tool","http://www.aliexpress.com/category/200002799/peelers-zesters.html"
"Shredders & Slicers","Fruit & Vegetable Tool","http://www.aliexpress.com/category/200002802/shredders-slicers.html"
"Cherry Pitters","Fruit & Vegetable Tool","http://www.aliexpress.com/category/200002790/cherry-pitters.html"
"Strawberry Hullers","Fruit & Vegetable Tool","http://www.aliexpress.com/category/200002804/strawberry-hullers.html"
"Squeezers & Reamers","Fruit & Vegetable Tool","http://www.aliexpress.com/category/200002803/squeezers-reamers.html"
"Vegetable Choppers","Fruit & Vegetable Tool","http://www.aliexpress.com/category/200002806/vegetable-choppers.html"
"Vegetable Brushes","Fruit & Vegetable Tool","http://www.aliexpress.com/category/200002805/vegetable-brushes.html"
"Garlic Presses","Fruit & Vegetable Tool","http://www.aliexpress.com/category/200002793/garlic-presses.html"
"Grapefruit Spoons","Fruit & Vegetable Tool","http://www.aliexpress.com/category/200002795/grapefruit-spoons.html"
"Potato Mashers & Ricers","Fruit & Vegetable Tool","http://www.aliexpress.com/category/200002801/potato-mashers-ricers.html"
"Corers","Fruit & Vegetable Tool","http://www.aliexpress.com/category/200002791/corers.html"
"French Fry Cutters","Fruit & Vegetable Tool","http://www.aliexpress.com/category/200002792/french-fry-cutters.html"
"Pineapple Slicers","Fruit & Vegetable Tool","http://www.aliexpress.com/category/200002800/pineapple-slicers.html"
"Mango Splitters","Fruit & Vegetable Tool","http://www.aliexpress.com/category/200002796/mango-splitters.html"
"Nut Crackers","Fruit & Vegetable Tool","http://www.aliexpress.com/category/200002798/nut-crackers.html"
"Melon Scoops & Ballers","Fruit & Vegetable Tool","http://www.aliexpress.com/category/200002797/melon-scoops-ballers.html"
"Tongs","Utensil","http://www.aliexpress.com/category/200002878/tongs.html"
"Skimmers","Utensil","http://www.aliexpress.com/category/200002875/skimmers.html"
"Spatulas","Utensil","http://www.aliexpress.com/category/200002876/spatulas.html"
"Utensil Sets","Utensil","http://www.aliexpress.com/category/200002880/utensil-sets.html"
"Forks","Utensil","http://www.aliexpress.com/category/200002871/forks.html"
"Turners","Utensil","http://www.aliexpress.com/category/200002879/turners.html"
"Ladles","Utensil","http://www.aliexpress.com/category/200002872/ladles.html"
"Scrapers","Utensil","http://www.aliexpress.com/category/200002874/scrapers.html"
"Spoons","Utensil","http://www.aliexpress.com/category/200002877/spoons.html"
"Scoops","Utensil","http://www.aliexpress.com/category/200002873/scoops.html"
"Roaster Racks","Meat & Poultry Tool","http://www.aliexpress.com/category/200002832/roaster-racks.html"
"Meat Grinders","Meat & Poultry Tool","http://www.aliexpress.com/category/200002826/meat-grinders.html"
"Meat Tenderizers & Pounders","Meat & Poultry Tool","http://www.aliexpress.com/category/200002828/meat-tenderizers-pounders.html"
"Hamburger Presses","Meat & Poultry Tool","http://www.aliexpress.com/category/200002825/hamburger-presses.html"
"Patty Makers","Meat & Poultry Tool","http://www.aliexpress.com/category/200002829/patty-makers.html"
"Basters","Meat & Poultry Tool","http://www.aliexpress.com/category/200002819/basters.html"
"Fat Separator Strainers","Meat & Poultry Tool","http://www.aliexpress.com/category/200002822/fat-separator-strainers.html"
"Forks","Meat & Poultry Tool","http://www.aliexpress.com/category/200002823/forks.html"
"Poultry Lifters","Meat & Poultry Tool","http://www.aliexpress.com/category/200002831/poultry-lifters.html"
"Meat Injectors","Meat & Poultry Tool","http://www.aliexpress.com/category/200002827/meat-injectors.html"
"Hamburger Makers","Meat & Poultry Tool","http://www.aliexpress.com/category/200002824/hamburger-makers.html"
"Basting Brushes","Meat & Poultry Tool","http://www.aliexpress.com/category/200002820/basting-brushes.html"
"Egg Beaters","Egg Tool","http://www.aliexpress.com/category/200002784/egg-beaters.html"
"Egg Poachers","Egg Tool","http://www.aliexpress.com/category/200002786/egg-poachers.html"
"Egg Dividers","Egg Tool","http://www.aliexpress.com/category/200002785/egg-dividers.html"
"Egg Slicers","Egg Tool","http://www.aliexpress.com/category/200002787/egg-slicers.html"
"Egg & Pancake Rings","Egg Tool","http://www.aliexpress.com/category/200002783/egg-pancake-rings.html"
"Beep Eggs","Egg Tool","http://www.aliexpress.com/category/200002782/beep-eggs.html"
"Ice Cream Scoops & Stacks","Ice Cream Tool","http://www.aliexpress.com/category/200002812/ice-cream-scoops-stacks.html"
"Ice Cream Makers","Ice Cream Tool","http://www.aliexpress.com/category/200002810/ice-cream-makers.html"
"Cone Holders","Ice Cream Tool","http://www.aliexpress.com/category/200002809/cone-holders.html"
"Ice Cream Tubs","Ice Cream Tool","http://www.aliexpress.com/category/200002814/ice-cream-tubs.html"
"Ice Cream Sticks","Ice Cream Tool","http://www.aliexpress.com/category/200002813/ice-cream-sticks.html"
"Ice Cream Sandwich Makers","Ice Cream Tool","http://www.aliexpress.com/category/200002811/ice-cream-sandwich-makers.html"
"Pancake Batter Dispensers","Dessert Tool","http://www.aliexpress.com/category/200002779/pancake-batter-dispensers.html"
"Cooking Torches","Dessert Tool","http://www.aliexpress.com/category/200002777/cooking-torches.html"
"Cream Whippers","Dessert Tool","http://www.aliexpress.com/category/200002778/cream-whippers.html"
"Squeeze Bottles","Dessert Tool","http://www.aliexpress.com/category/200002780/squeeze-bottles.html"
"Garlic Keepers","Herb & Spice Tool","http://www.aliexpress.com/category/200002769/garlic-keepers.html"
"Spice & Pepper Shakers","Herb & Spice Tool","http://www.aliexpress.com/category/200002774/spice-pepper-shakers.html"
"Garlic Roasters","Herb & Spice Tool","http://www.aliexpress.com/category/200002770/garlic-roasters.html"
"Salt Pigs, Cellars & Servers","Herb & Spice Tool","http://www.aliexpress.com/category/200002772/salt-pigs-cellars-servers.html"
"Spice & Nut Grinders","Herb & Spice Tool","http://www.aliexpress.com/category/200002773/spice-nut-grinders.html"
"Mortars & Pestles","Herb & Spice Tool","http://www.aliexpress.com/category/200002771/mortars-pestles.html"
"Measuring Spoons","Measuring Tool","http://www.aliexpress.com/category/200002816/measuring-spoons.html"
"Spaghetti Measures","Measuring Tool","http://www.aliexpress.com/category/200002817/spaghetti-measures.html"
"Bamboo Rolling Mats","Sushi Tool","http://www.aliexpress.com/category/200002861/bamboo-rolling-mats.html"
"Pasta Scoops","Pasta Tool","http://www.aliexpress.com/category/200002841/pasta-scoops.html"
"Spaetzle Makers","Pasta Tool","http://www.aliexpress.com/category/200002843/spaetzle-makers.html"
"Spaghetti Tongs","Pasta Tool","http://www.aliexpress.com/category/200002844/spaghetti-tongs.html"
"Pasta Forks","Pasta Tool","http://www.aliexpress.com/category/200002839/pasta-forks.html"
"Roller Dockers","Pasta Tool","http://www.aliexpress.com/category/200002842/roller-dockers.html"
"Pasta Machines & Attachments","Pasta Tool","http://www.aliexpress.com/category/200002840/pasta-machines-attachments.html"
"Cheese Graters","Cheese Tool","http://www.aliexpress.com/category/200002753/cheese-graters.html"
"Cheese Slicers","Cheese Tool","http://www.aliexpress.com/category/200002755/cheese-slicers.html"
"Cheese Knives","Cheese Tool","http://www.aliexpress.com/category/200002754/cheese-knives.html"
"Cheese Boards & Trays","Cheese Tool","http://www.aliexpress.com/category/200002751/cheese-boards-trays.html"
"Cheese Board Sets","Cheese Tool","http://www.aliexpress.com/category/200002750/cheese-board-sets.html"
"Fondue Sets","Cheese Tool","http://www.aliexpress.com/category/100006648/fondue-sets.html"
"Seafood Crackers & Picks","Seafood Tool","http://www.aliexpress.com/category/200002855/seafood-crackers-picks.html"
"Seafood Tool Sets","Seafood Tool","http://www.aliexpress.com/category/200002857/seafood-tool-sets.html"
"Lobster & Crab Forks","Seafood Tool","http://www.aliexpress.com/category/200002853/lobster-crab-forks.html"
"Fish Bone Tweezers","Seafood Tool","http://www.aliexpress.com/category/200002852/fish-bone-tweezers.html"
"Oyster Knives","Seafood Tool","http://www.aliexpress.com/category/200002854/oyster-knives.html"
"Salad Making Sets","Salad Tool","http://www.aliexpress.com/category/200002847/salad-making-sets.html"
"Salad Spinners","Salad Tool","http://www.aliexpress.com/category/200002849/salad-spinners.html"
"Salad Servers","Salad Tool","http://www.aliexpress.com/category/200002848/salad-servers.html"
"Oil Cans, Cruets & Misters","Salad Tool","http://www.aliexpress.com/category/200002846/oil-cans-cruets-misters.html"
"Flatware Sets","Flatware","http://www.aliexpress.com/category/100005003/flatware-sets.html"
"Dinner Knives","Flatware","http://www.aliexpress.com/category/100005000/dinner-knives.html"
"Forks","Flatware","http://www.aliexpress.com/category/100005001/forks.html"
"Chopsticks","Flatware","http://www.aliexpress.com/category/100004999/chopsticks.html"
"Spoons","Flatware","http://www.aliexpress.com/category/100005002/spoons.html"
"Disposable Plastic Cups","Drinkware","http://www.aliexpress.com/category/100006606/disposable-plastic-cups.html"
"Mugs","Drinkware","http://www.aliexpress.com/category/100004982/mugs.html"
"Vacuum Flasks & Thermoses","Drinkware","http://www.aliexpress.com/category/100004983/vacuum-flasks-thermoses.html"
"Hip Flasks","Drinkware","http://www.aliexpress.com/category/100004986/hip-flasks.html"
"Water Bottles","Drinkware","http://www.aliexpress.com/category/100004985/water-bottles.html"
"Cups & Saucers","Drinkware","http://www.aliexpress.com/category/100004980/cups-saucers.html"
"Coffee & Tea Sets","Drinkware","http://www.aliexpress.com/category/100004961/coffee-tea-sets.html"
"Wine Glasses","Drinkware","http://www.aliexpress.com/category/100006640/wine-glasses.html"
"Water Pots & Kettles","Drinkware","http://www.aliexpress.com/category/100004984/water-pots-kettles.html"
"Tissue Boxes","Table Decoration & Accessories","http://www.aliexpress.com/category/100005009/tissue-boxes.html"
"Toothpicks","Table Decoration & Accessories","http://www.aliexpress.com/category/100005007/toothpicks.html"
"Mats & Pads","Table Decoration & Accessories","http://www.aliexpress.com/category/100005005/mats-pads.html"
"Toothpick Holders","Table Decoration & Accessories","http://www.aliexpress.com/category/100005008/toothpick-holders.html"
"Napkin Rings","Table Decoration & Accessories","http://www.aliexpress.com/category/100005006/napkin-rings.html"
"Dinnerware Sets","Dinnerware","http://www.aliexpress.com/category/100004990/dinnerware-sets.html"
"Gravy Boats","Dinnerware","http://www.aliexpress.com/category/100004993/gravy-boats.html"
"Dishes & Plates","Dinnerware","http://www.aliexpress.com/category/100004991/dishes-plates.html"
"Bowls","Dinnerware","http://www.aliexpress.com/category/100004989/bowls.html"
"Sugar & Creamer Pots","Dinnerware","http://www.aliexpress.com/category/100004994/sugar-creamer-pots.html"
"Disposable Plates","Dinnerware","http://www.aliexpress.com/category/100006631/disposable-plates.html"
"Tureens","Dinnerware","http://www.aliexpress.com/category/100004995/tureens.html"
"Porcelain Plates","Dinnerware","http://www.aliexpress.com/category/100006629/porcelain-plates.html"
"Plate Clips","Bar Accessories & Parts","http://www.aliexpress.com/category/200002731/plate-clips.html"
"Drinking Straws","Bar Accessories & Parts","http://www.aliexpress.com/category/200002730/drinking-straws.html"
"Cocktail & Snack Trays","Bar Accessories & Parts","http://www.aliexpress.com/category/200002729/cocktail-snack-trays.html"
"Wine Stoppers","Bar Tools & Equipment","http://www.aliexpress.com/category/200002748/wine-stoppers.html"
"Ice Buckets & Tongs","Bar Tools & Equipment","http://www.aliexpress.com/category/200002741/ice-buckets-tongs.html"
"Fruit Muddlers & Caipirinha Pestles","Bar Tools & Equipment","http://www.aliexpress.com/category/200002740/fruit-muddlers-caipirinha-pestles.html"
"Wine Coolers & Chillers","Bar Tools & Equipment","http://www.aliexpress.com/category/200002746/wine-coolers-chillers.html"
"Cocktail Picks","Bar Tools & Equipment","http://www.aliexpress.com/category/200002737/cocktail-picks.html"
"Wine Pourers","Bar Tools & Equipment","http://www.aliexpress.com/category/200002747/wine-pourers.html"
"Swizzle Sticks","Bar Tools & Equipment","http://www.aliexpress.com/category/200002744/swizzle-sticks.html"
"Cocktail Whisks","Bar Tools & Equipment","http://www.aliexpress.com/category/200002738/cocktail-whisks.html"
"Corkscrews & Openors","Bar Tools & Equipment","http://www.aliexpress.com/category/200002739/corkscrews-openors.html"
"Bar Strainers","Bar Tools & Equipment","http://www.aliexpress.com/category/200002735/bar-strainers.html"
"Wine Coasters","Bar Tools & Equipment","http://www.aliexpress.com/category/200002745/wine-coasters.html"
"Bar Measures","Bar Tools & Equipment","http://www.aliexpress.com/category/200002733/bar-measures.html"
"Bar Spoons","Bar Tools & Equipment","http://www.aliexpress.com/category/200002734/bar-spoons.html"
"Inserts","Cookware Part","http://www.aliexpress.com/category/200002883/inserts.html"
"Lids","Cookware Part","http://www.aliexpress.com/category/200002884/lids.html"
"Handles & Knobs","Cookware Part","http://www.aliexpress.com/category/200002882/handles-knobs.html"
"Aerators","Faucet Accessories","http://www.aliexpress.com/category/100006500/aerators.html"
"Faucet Cartridges","Faucet Accessories","http://www.aliexpress.com/category/100007161/faucet-cartridges.html"
"Kitchen Faucet Accessories","Faucet Accessories","http://www.aliexpress.com/category/100006499/kitchen-faucet-accessories.html"
"Bathroom Faucet Accessories","Faucet Accessories","http://www.aliexpress.com/category/100006498/bathroom-faucet-accessories.html"
"Stainless Steel","Steel","http://www.aliexpress.com/category/934/stainless-steel.html"
"Steel Structures","Steel","http://www.aliexpress.com/category/933/steel-structures.html"
"Steel Channels","Steel","http://www.aliexpress.com/category/92502/steel-channels.html"
"Steel Coils","Steel","http://www.aliexpress.com/category/100006470/steel-coils.html"
"Spring Steel","Steel","http://www.aliexpress.com/category/931/spring-steel.html"
"Steel Plates","Steel","http://www.aliexpress.com/category/100006471/steel-plates.html"
"Steel Rails","Steel","http://www.aliexpress.com/category/929/steel-rails.html"
"Tinplate","Steel","http://www.aliexpress.com/category/928/tinplate.html"
"Structural Steel","Steel","http://www.aliexpress.com/category/930/structural-steel.html"
"Steel Pipes","Steel","http://www.aliexpress.com/category/131008/steel-pipes.html"
"Square Steel Pipes","Steel","http://www.aliexpress.com/category/100006472/square-steel-pipes.html"
"Steel Strips","Steel","http://www.aliexpress.com/category/927/steel-strips.html"
"Steel Wire","Steel","http://www.aliexpress.com/category/919/steel-wire.html"
"Steel Sheets","Steel","http://www.aliexpress.com/category/926/steel-sheets.html"
"Steel Round Bars","Steel","http://www.aliexpress.com/category/924/steel-round-bars.html"
"Steel Rebars","Steel","http://www.aliexpress.com/category/920/steel-rebars.html"
"Iron Wire Mesh","Wire Mesh","http://www.aliexpress.com/category/90303/iron-wire-mesh.html"
"Copper Wire Mesh","Wire Mesh","http://www.aliexpress.com/category/90301/copper-wire-mesh.html"
"Aluminum Wire Mesh","Wire Mesh","http://www.aliexpress.com/category/90302/aluminum-wire-mesh.html"
"Steel Wire Mesh","Wire Mesh","http://www.aliexpress.com/category/90304/steel-wire-mesh.html"
"Stainless Steel Wire Mesh","Wire Mesh","http://www.aliexpress.com/category/100006473/stainless-steel-wire-mesh.html"
"Other Wire Mesh","Wire Mesh","http://www.aliexpress.com/category/90399/other-wire-mesh.html"
"Aluminum Ingots","Ingots","http://www.aliexpress.com/category/92101/aluminum-ingots.html"
"Manganese Ingots","Ingots","http://www.aliexpress.com/category/100000402/manganese-ingots.html"
"Silicon Ingots","Ingots","http://www.aliexpress.com/category/100000280/silicon-ingots.html"
"Magnesium Ingots","Ingots","http://www.aliexpress.com/category/92105/magnesium-ingots.html"
"Indium Ingots","Ingots","http://www.aliexpress.com/category/100000281/indium-ingots.html"
"Lead Ingots","Ingots","http://www.aliexpress.com/category/92104/lead-ingots.html"
"Titanium Ingots","Ingots","http://www.aliexpress.com/category/92108/titanium-ingots.html"
"Other Ingots","Ingots","http://www.aliexpress.com/category/100000284/other-ingots.html"
"Antimony Ingots","Ingots","http://www.aliexpress.com/category/92102/antimony-ingots.html"
"Bismuth Ingots","Ingots","http://www.aliexpress.com/category/100000282/bismuth-ingots.html"
"Copper Ingots","Ingots","http://www.aliexpress.com/category/92103/copper-ingots.html"
"Tin Ingots","Ingots","http://www.aliexpress.com/category/92107/tin-ingots.html"
"Zinc Ingots","Ingots","http://www.aliexpress.com/category/92109/zinc-ingots.html"
"Steel Ingots","Ingots","http://www.aliexpress.com/category/92106/steel-ingots.html"
"Aluminum Profiles","Aluminum","http://www.aliexpress.com/category/93602/aluminum-profiles.html"
"Aluminum Bars","Aluminum","http://www.aliexpress.com/category/93601/aluminum-bars.html"
"Aluminum Wire","Aluminum","http://www.aliexpress.com/category/93605/aluminum-wire.html"
"Aluminum Powder","Aluminum","http://www.aliexpress.com/category/100003762/aluminum-powder.html"
"Aluminum Strips","Aluminum","http://www.aliexpress.com/category/93604/aluminum-strips.html"
"Quartz Crucible","Quartz Products","http://www.aliexpress.com/category/100006555/quartz-crucible.html"
"Quartz Stone","Quartz Products","http://www.aliexpress.com/category/9090702/quartz-stone.html"
"Quartz Plate","Quartz Products","http://www.aliexpress.com/category/100000319/quartz-plate.html"
"Quartz Rods","Quartz Products","http://www.aliexpress.com/category/9090701/quartz-rods.html"
"Quartz Tubes","Quartz Products","http://www.aliexpress.com/category/9090703/quartz-tubes.html"
"Tungsten Bars","Tungsten","http://www.aliexpress.com/category/100006737/tungsten-bars.html"
"Tungsten Pipes","Tungsten","http://www.aliexpress.com/category/100006738/tungsten-pipes.html"
"Tungsten Crucibles","Tungsten","http://www.aliexpress.com/category/100006734/tungsten-crucibles.html"
"Tungsten Wire","Tungsten","http://www.aliexpress.com/category/100006739/tungsten-wire.html"
"Tungsten Sheets","Tungsten","http://www.aliexpress.com/category/100006735/tungsten-sheets.html"
"Tungsten Powder","Tungsten","http://www.aliexpress.com/category/100006740/tungsten-powder.html"
"Copper Wire","Copper","http://www.aliexpress.com/category/100000309/copper-wire.html"
"Copper Powder","Copper","http://www.aliexpress.com/category/100003778/copper-powder.html"
"Copper Cathode","Copper","http://www.aliexpress.com/category/100001731/copper-cathode.html"
"Copper Bars","Copper","http://www.aliexpress.com/category/93501/copper-bars.html"
"Copper Sheets","Copper","http://www.aliexpress.com/category/93502/copper-sheets.html"
"Copper Pipes","Copper","http://www.aliexpress.com/category/131003/copper-pipes.html"
"Copper Strips","Copper","http://www.aliexpress.com/category/93503/copper-strips.html"
"Titanium Bars","Titanium","http://www.aliexpress.com/category/93701/titanium-bars.html"
"Titanium Powder","Titanium","http://www.aliexpress.com/category/100002921/titanium-powder.html"
"Titanium Wire","Titanium","http://www.aliexpress.com/category/93703/titanium-wire.html"
"Other Titanium","Titanium","http://www.aliexpress.com/category/93799/other-titanium.html"
"Titanium Sheets","Titanium","http://www.aliexpress.com/category/93702/titanium-sheets.html"
"Titanium Pipes","Titanium","http://www.aliexpress.com/category/131005/titanium-pipes.html"
"Titanium Foil","Titanium","http://www.aliexpress.com/category/100003542/titanium-foil.html"
"Graphite Powder","Graphite Products","http://www.aliexpress.com/category/9090402/graphite-powder.html"
"Graphite Rod","Graphite Products","http://www.aliexpress.com/category/100000318/graphite-rod.html"
"Graphite Crucible","Graphite Products","http://www.aliexpress.com/category/100000316/graphite-crucible.html"
"Other Graphite Products","Graphite Products","http://www.aliexpress.com/category/9090499/other-graphite-products.html"
"Granite","Natural Stone","http://www.aliexpress.com/category/131202/granite.html"
"Limestone","Natural Stone","http://www.aliexpress.com/category/131214/limestone.html"
"Sandstone","Natural Stone","http://www.aliexpress.com/category/131213/sandstone.html"
"Basalt","Natural Stone","http://www.aliexpress.com/category/131212/basalt.html"
"Slate","Natural Stone","http://www.aliexpress.com/category/131204/slate.html"
"Marble","Natural Stone","http://www.aliexpress.com/category/131203/marble.html"
"Acoustic Panels","Soundproofing Materials","http://www.aliexpress.com/category/100005233/acoustic-panels.html"
"Sandwich Panels","Soundproofing Materials","http://www.aliexpress.com/category/100006526/sandwich-panels.html"
"Sound Barriers","Soundproofing Materials","http://www.aliexpress.com/category/100005236/sound-barriers.html"
"Magnesium Oxide Boards","Soundproofing Materials","http://www.aliexpress.com/category/100005199/magnesium-oxide-boards.html"
"Calcium Silicate Boards","Soundproofing Materials","http://www.aliexpress.com/category/100006541/calcium-silicate-boards.html"
"Plasterboards","Soundproofing Materials","http://www.aliexpress.com/category/100005182/plasterboards.html"
"Waterproof Membrane","Waterproofing Materials","http://www.aliexpress.com/category/100005251/waterproof-membrane.html"
"Calcium Silicate Boards","Waterproofing Materials","http://www.aliexpress.com/category/100006541/calcium-silicate-boards.html"
"Magnesium Oxide Boards","Waterproofing Materials","http://www.aliexpress.com/category/100005199/magnesium-oxide-boards.html"
"Roofing Felts","Waterproofing Materials","http://www.aliexpress.com/category/100005250/roofing-felts.html"
"Sandwich Panels","Fireproofing Materials","http://www.aliexpress.com/category/100006526/sandwich-panels.html"
"Magnesium Oxide Boards","Fireproofing Materials","http://www.aliexpress.com/category/100005199/magnesium-oxide-boards.html"
"Calcium Silicate Boards","Fireproofing Materials","http://www.aliexpress.com/category/100006541/calcium-silicate-boards.html"
"Plasterboards","Fireproofing Materials","http://www.aliexpress.com/category/100005182/plasterboards.html"
"Decorative High-Pressure Laminates / HPL","Fireproofing Materials","http://www.aliexpress.com/category/100005238/decorative-high-pressure-laminates-hpl.html"
"Cement Boards","Fireproofing Materials","http://www.aliexpress.com/category/100005173/cement-boards.html"
"Milling Cutter","Cutting and Forming Tools","http://www.aliexpress.com/category/100006802/milling-cutter.html"
"Broach","Cutting and Forming Tools","http://www.aliexpress.com/category/100006806/broach.html"
"Reamer","Cutting and Forming Tools","http://www.aliexpress.com/category/100006804/reamer.html"
"Turning Tool","Cutting and Forming Tools","http://www.aliexpress.com/category/100006803/turning-tool.html"
"Hob","Cutting and Forming Tools","http://www.aliexpress.com/category/100006805/hob.html"
"Boring Tool","Cutting and Forming Tools","http://www.aliexpress.com/category/100006807/boring-tool.html"
"Boat Engine","Marine Supplies","http://www.aliexpress.com/category/100003438/boat-engine.html"
"Boat Cover","Marine Supplies","http://www.aliexpress.com/category/100003434/boat-cover.html"
"Marine Hardware","Marine Supplies","http://www.aliexpress.com/category/100003435/marine-hardware.html"
"Boat Anchor","Marine Supplies","http://www.aliexpress.com/category/100003431/boat-anchor.html"
"Marine Propeller","Marine Supplies","http://www.aliexpress.com/category/100003437/marine-propeller.html"
"Marine Pump","Marine Supplies","http://www.aliexpress.com/category/100003436/marine-pump.html"
"Press Welders","Welding Equipment","http://www.aliexpress.com/category/144008/press-welders.html"
"Electric Soldering Irons","Welding Equipment","http://www.aliexpress.com/category/144003/electric-soldering-irons.html"
"Plasma Welders","Welding Equipment","http://www.aliexpress.com/category/144006/plasma-welders.html"
"Butt Welders","Welding Equipment","http://www.aliexpress.com/category/144002/butt-welders.html"
"Arc Welders","Welding Equipment","http://www.aliexpress.com/category/144001/arc-welders.html"
"Tube Welders","Welding Equipment","http://www.aliexpress.com/category/144012/tube-welders.html"
"Resistance Welders","Welding Equipment","http://www.aliexpress.com/category/144009/resistance-welders.html"
"Plastic Welders","Welding Equipment","http://www.aliexpress.com/category/144007/plastic-welders.html"
"Spot Welders","Welding Equipment","http://www.aliexpress.com/category/144011/spot-welders.html"
"Laser Welders","Welding Equipment","http://www.aliexpress.com/category/144004/laser-welders.html"
"MIG Welders","Welding Equipment","http://www.aliexpress.com/category/144005/mig-welders.html"
"Seam Welders","Welding Equipment","http://www.aliexpress.com/category/144010/seam-welders.html"
"Welding Helmets","Welding & Soldering Supplies","http://www.aliexpress.com/category/142705/welding-helmets.html"
"Welding Tips","Welding & Soldering Supplies","http://www.aliexpress.com/category/142707/welding-tips.html"
"Weld Holders","Welding & Soldering Supplies","http://www.aliexpress.com/category/142702/weld-holders.html"
"Welding Wires","Welding & Soldering Supplies","http://www.aliexpress.com/category/142709/welding-wires.html"
"Welding Fluxes","Welding & Soldering Supplies","http://www.aliexpress.com/category/142703/welding-fluxes.html"
"Welding Torches","Welding & Soldering Supplies","http://www.aliexpress.com/category/142708/welding-torches.html"
"Welding Rods","Welding & Soldering Supplies","http://www.aliexpress.com/category/142706/welding-rods.html"
"Electrode Holders","Welding & Soldering Supplies","http://www.aliexpress.com/category/142701/electrode-holders.html"
"Truck Switch","Truck Electrical System","http://www.aliexpress.com/category/100006164/truck-switch.html"
"Truck Light System","Truck Electrical System","http://www.aliexpress.com/category/100006162/truck-light-system.html"
"Truck Starter System","Truck Electrical System","http://www.aliexpress.com/category/100006163/truck-starter-system.html"
"Truck Battery","Truck Electrical System","http://www.aliexpress.com/category/100006161/truck-battery.html"
"Angular Contact Ball Bearing","Ball Bearings","http://www.aliexpress.com/category/14560101/angular-contact-ball-bearing.html"
"Deep Groove Ball Bearing","Ball Bearings","http://www.aliexpress.com/category/14560103/deep-groove-ball-bearing.html"
"Self-aligning Ball Bearings","Ball Bearings","http://www.aliexpress.com/category/100004795/self-aligning-ball-bearings.html"
"Thrust Ball Bearing","Ball Bearings","http://www.aliexpress.com/category/14560104/thrust-ball-bearing.html"
"Cylindrical Roller Bearing","Roller Bearings","http://www.aliexpress.com/category/14560201/cylindrical-roller-bearing.html"
"Taper Roller Bearing","Roller Bearings","http://www.aliexpress.com/category/14560204/taper-roller-bearing.html"
"Thrust Roller Bearing","Roller Bearings","http://www.aliexpress.com/category/14560203/thrust-roller-bearing.html"
"Ring Gears","Gears","http://www.aliexpress.com/category/100004801/ring-gears.html"
"Spur Gears","Gears","http://www.aliexpress.com/category/100004803/spur-gears.html"
"Rack Gears","Gears","http://www.aliexpress.com/category/100004800/rack-gears.html"
"Worm Gears","Gears","http://www.aliexpress.com/category/100004804/worm-gears.html"
"Bevel Gears","Gears","http://www.aliexpress.com/category/100004797/bevel-gears.html"
"Pinion Gears","Gears","http://www.aliexpress.com/category/100004805/pinion-gears.html"
"Cylindrical Gears","Gears","http://www.aliexpress.com/category/100004802/cylindrical-gears.html"
"Jackets","Men's","http://www.aliexpress.com/category/200001775/jackets.html"
"Sports Jerseys","Men's","http://www.aliexpress.com/category/200001469/sports-jerseys.html"
"Socks","Men's","http://www.aliexpress.com/category/200001710/socks.html"
"Sports Jerseys","Boys'","http://www.aliexpress.com/category/200001465/sports-jerseys.html"
"Socks","Boys'","http://www.aliexpress.com/category/200001707/socks.html"
"Sports Jerseys","Women's","http://www.aliexpress.com/category/200001470/sports-jerseys.html"
"Socks","Women's","http://www.aliexpress.com/category/200001711/socks.html"
"Jackets","Women's","http://www.aliexpress.com/category/200001776/jackets.html"
"Sports Jerseys","Girls'","http://www.aliexpress.com/category/200001466/sports-jerseys.html"
"Sports Jerseys","Men's","http://www.aliexpress.com/category/200001156/sports-jerseys.html"
"Socks","Men's","http://www.aliexpress.com/category/200001619/socks.html"
"Shorts","Men's","http://www.aliexpress.com/category/200001560/shorts.html"
"Sports Jerseys","Girls'","http://www.aliexpress.com/category/200001456/sports-jerseys.html"
"Socks","Girls'","http://www.aliexpress.com/category/200001618/socks.html"
"Shorts","Boys'","http://www.aliexpress.com/category/200001552/shorts.html"
"Sports Jerseys","Boys'","http://www.aliexpress.com/category/200001155/sports-jerseys.html"
"Sports Jerseys","Women's","http://www.aliexpress.com/category/200001443/sports-jerseys.html"
"Sports Jerseys","Men's","http://www.aliexpress.com/category/200002005/sports-jerseys.html"
"Socks","Men's","http://www.aliexpress.com/category/200002013/socks.html"
"Shorts","Men's","http://www.aliexpress.com/category/200002009/shorts.html"
"Socks","Women's","http://www.aliexpress.com/category/200002014/socks.html"
"Sports Jerseys","Women's","http://www.aliexpress.com/category/200002006/sports-jerseys.html"
"Shorts","Women's","http://www.aliexpress.com/category/200002010/shorts.html"
"Sports Jerseys","Girls'","http://www.aliexpress.com/category/200002004/sports-jerseys.html"
"Sports Jerseys","Boys'","http://www.aliexpress.com/category/200002003/sports-jerseys.html"
"Jackets","Men's","http://www.aliexpress.com/category/200001763/jackets.html"
"Jackets","Women's","http://www.aliexpress.com/category/200001764/jackets.html"
"Sports Jerseys","Men's","http://www.aliexpress.com/category/200001447/sports-jerseys.html"
"Robes","Men's","http://www.aliexpress.com/category/200001861/robes.html"
"Trunks","Men's","http://www.aliexpress.com/category/200001877/trunks.html"
"Sports Jerseys","Women's","http://www.aliexpress.com/category/200001448/sports-jerseys.html"
"Trunks","Women's","http://www.aliexpress.com/category/200001878/trunks.html"
"Pants","Men's","http://www.aliexpress.com/category/200001497/pants.html"
"Shorts","Men's","http://www.aliexpress.com/category/200001567/shorts.html"
"Shirts","Men's","http://www.aliexpress.com/category/200001931/shirts.html"
"Socks","Men's","http://www.aliexpress.com/category/200001623/socks.html"
"Shirts","Women's","http://www.aliexpress.com/category/200001932/shirts.html"
"Shorts","Women's","http://www.aliexpress.com/category/200001570/shorts.html"
"Socks","Women's","http://www.aliexpress.com/category/200001624/socks.html"
"Jackets","Boys'","http://www.aliexpress.com/category/200003869/jackets.html"
"Shirts","Boys'","http://www.aliexpress.com/category/200001929/shirts.html"
"Socks","Boys'","http://www.aliexpress.com/category/200001621/socks.html"
"Socks","Girls'","http://www.aliexpress.com/category/200001622/socks.html"
"Armwarmers","Men's","http://www.aliexpress.com/category/200001809/armwarmers.html"
"Bib Shorts","Men's","http://www.aliexpress.com/category/200001813/bib-shorts.html"
"Caps","Men's","http://www.aliexpress.com/category/200001827/caps.html"
"Eyewear","Men's","http://www.aliexpress.com/category/200003501/eyewear.html"
"Gloves","Men's","http://www.aliexpress.com/category/200001837/gloves.html"
"Jackets","Men's","http://www.aliexpress.com/category/200001771/jackets.html"
"Legwarmers","Men's","http://www.aliexpress.com/category/200001855/legwarmers.html"
"Shorts","Men's","http://www.aliexpress.com/category/200001577/shorts.html"
"Socks","Men's","http://www.aliexpress.com/category/200001705/socks.html"
"Sports Jerseys","Men's","http://www.aliexpress.com/category/200001460/sports-jerseys.html"
"Vests","Men's","http://www.aliexpress.com/category/200001887/vests.html"
"Armwarmers","Women's","http://www.aliexpress.com/category/200001810/armwarmers.html"
"Bib Shorts","Women's","http://www.aliexpress.com/category/200001814/bib-shorts.html"
"Caps","Women's","http://www.aliexpress.com/category/200001828/caps.html"
"Eyewear","Women's","http://www.aliexpress.com/category/200003502/eyewear.html"
"Gloves","Women's","http://www.aliexpress.com/category/200001838/gloves.html"
"Jackets","Women's","http://www.aliexpress.com/category/200001772/jackets.html"
"Legwarmers","Women's","http://www.aliexpress.com/category/200001856/legwarmers.html"
"Shorts","Women's","http://www.aliexpress.com/category/200001578/shorts.html"
"Socks","Women's","http://www.aliexpress.com/category/200001706/socks.html"
"Sports Jerseys","Women's","http://www.aliexpress.com/category/200001462/sports-jerseys.html"
"Vests","Women's","http://www.aliexpress.com/category/200001975/vests.html"
"Caps","Boys'","http://www.aliexpress.com/category/200001825/caps.html"
"Eyewear","Boys'","http://www.aliexpress.com/category/200003499/eyewear.html"
"Gloves","Boys'","http://www.aliexpress.com/category/200001835/gloves.html"
"Jackets","Boys'","http://www.aliexpress.com/category/200001769/jackets.html"
"Legwarmers","Boys'","http://www.aliexpress.com/category/200001853/legwarmers.html"
"Shorts","Boys'","http://www.aliexpress.com/category/200001575/shorts.html"
"Socks","Boys'","http://www.aliexpress.com/category/200001703/socks.html"
"Sports Jerseys","Boys'","http://www.aliexpress.com/category/200001449/sports-jerseys.html"
"Armwarmers","Girls'","http://www.aliexpress.com/category/200001808/armwarmers.html"
"Caps","Girls'","http://www.aliexpress.com/category/200001826/caps.html"
"Eyewear","Girls'","http://www.aliexpress.com/category/200003500/eyewear.html"
"Gloves","Girls'","http://www.aliexpress.com/category/200001836/gloves.html"
"Sports Jerseys","Girls'","http://www.aliexpress.com/category/200001453/sports-jerseys.html"
"Visors","Men's","http://www.aliexpress.com/category/200001891/visors.html"
"Jackets","Men's","http://www.aliexpress.com/category/200001779/jackets.html"
"Shirts","Men's","http://www.aliexpress.com/category/200001940/shirts.html"
"Shorts","Men's","http://www.aliexpress.com/category/200001581/shorts.html"
"Socks","Men's","http://www.aliexpress.com/category/200001714/socks.html"
"Caps","Men's","http://www.aliexpress.com/category/200001831/caps.html"
"Jackets","Women's","http://www.aliexpress.com/category/200001780/jackets.html"
"Shirts","Women's","http://www.aliexpress.com/category/200001939/shirts.html"
"Shorts","Women's","http://www.aliexpress.com/category/200001582/shorts.html"
"Socks","Women's","http://www.aliexpress.com/category/200001715/socks.html"
"Caps","Women's","http://www.aliexpress.com/category/200001832/caps.html"
"Visors","Women's","http://www.aliexpress.com/category/200001892/visors.html"
"Visors","Boys'","http://www.aliexpress.com/category/200001889/visors.html"
"Visors","Girls'","http://www.aliexpress.com/category/200001890/visors.html"
"Sports Jerseys","Men's","http://www.aliexpress.com/category/200001478/sports-jerseys.html"
"Sports Jerseys","Girls'","http://www.aliexpress.com/category/200001477/sports-jerseys.html"
"Sports Jerseys","Boys'","http://www.aliexpress.com/category/200001476/sports-jerseys.html"
"Sports Jerseys","Women's","http://www.aliexpress.com/category/200001479/sports-jerseys.html"
"Sets","Girls'","http://www.aliexpress.com/category/200001782/sets.html"
"Shirts","Girls'","http://www.aliexpress.com/category/200001961/shirts.html"
"Sets","Boys'","http://www.aliexpress.com/category/200001781/sets.html"
"Shirts","Boys'","http://www.aliexpress.com/category/200001960/shirts.html"
"Shirts","Men's","http://www.aliexpress.com/category/200001962/shirts.html"
"Sets","Men's","http://www.aliexpress.com/category/200001783/sets.html"
"Sets","Women's","http://www.aliexpress.com/category/200001784/sets.html"
"Shirts","Women's","http://www.aliexpress.com/category/200001963/shirts.html"
"Jackets","Boys'","http://www.aliexpress.com/category/200002020/jackets.html"
"Jackets","Women's","http://www.aliexpress.com/category/200002023/jackets.html"
"Jackets","Men's","http://www.aliexpress.com/category/200002022/jackets.html"
"Jackets","Men's","http://www.aliexpress.com/category/200001787/jackets.html"
"Sports Jerseys","Men's","http://www.aliexpress.com/category/200001482/sports-jerseys.html"
"Shorts","Men's","http://www.aliexpress.com/category/200001589/shorts.html"
"Sports Jerseys","Women's","http://www.aliexpress.com/category/200001483/sports-jerseys.html"
"Sports Jerseys","Girls'","http://www.aliexpress.com/category/200001481/sports-jerseys.html"
"Sports Jerseys","Boys'","http://www.aliexpress.com/category/200001480/sports-jerseys.html"
"Socks","Men's","http://www.aliexpress.com/category/200001726/socks.html"
"Shorts","Men's","http://www.aliexpress.com/category/200001593/shorts.html"
"Jackets","Men's","http://www.aliexpress.com/category/200001791/jackets.html"
"Shorts","Women's","http://www.aliexpress.com/category/200001594/shorts.html"
"Jackets","Women's","http://www.aliexpress.com/category/200001792/jackets.html"
"Jackets","Boys'","http://www.aliexpress.com/category/200001789/jackets.html"
"T-Shirts","Women's","http://www.aliexpress.com/category/200001882/t-shirts.html"
"Hoodies","Women's","http://www.aliexpress.com/category/200001850/hoodies.html"
"T-Shirts","Men's","http://www.aliexpress.com/category/200001881/t-shirts.html"
"Hoodies","Men's","http://www.aliexpress.com/category/200001849/hoodies.html"
"Shorts","Men's","http://www.aliexpress.com/category/200001597/shorts.html"
"T-Shirts","Boys'","http://www.aliexpress.com/category/200001879/t-shirts.html"
"Hoodies","Boys'","http://www.aliexpress.com/category/200001847/hoodies.html"
"Hoodies","Girls'","http://www.aliexpress.com/category/200001848/hoodies.html"
"T-Shirts","Girls'","http://www.aliexpress.com/category/200001880/t-shirts.html"
"Bibs","Women's","http://www.aliexpress.com/category/200001818/bibs.html"
"Eyewear","Women's","http://www.aliexpress.com/category/200003506/eyewear.html"
"Gloves","Women's","http://www.aliexpress.com/category/200001842/gloves.html"
"Jackets","Women's","http://www.aliexpress.com/category/200001796/jackets.html"
"Socks","Women's","http://www.aliexpress.com/category/200001731/socks.html"
"Bibs","Men's","http://www.aliexpress.com/category/200001817/bibs.html"
"Eyewear","Men's","http://www.aliexpress.com/category/200003505/eyewear.html"
"Gloves","Men's","http://www.aliexpress.com/category/200001841/gloves.html"
"Jackets","Men's","http://www.aliexpress.com/category/200001795/jackets.html"
"Socks","Men's","http://www.aliexpress.com/category/200001730/socks.html"
"Eyewear","Girls'","http://www.aliexpress.com/category/200003504/eyewear.html"
"Gloves","Girls'","http://www.aliexpress.com/category/200001840/gloves.html"
"Jackets","Girls'","http://www.aliexpress.com/category/200001794/jackets.html"
"Socks","Girls'","http://www.aliexpress.com/category/200001729/socks.html"
"Bibs","Boys'","http://www.aliexpress.com/category/200001815/bibs.html"
"Eyewear","Boys'","http://www.aliexpress.com/category/200003503/eyewear.html"
"Gloves","Boys'","http://www.aliexpress.com/category/200001839/gloves.html"
"Jackets","Boys'","http://www.aliexpress.com/category/200001793/jackets.html"
"Gloves","Men's","http://www.aliexpress.com/category/200001845/gloves.html"
"Jackets","Men's","http://www.aliexpress.com/category/200001799/jackets.html"
"Socks","Men's","http://www.aliexpress.com/category/200001734/socks.html"
"Gloves","Women's","http://www.aliexpress.com/category/200001846/gloves.html"
"Jackets","Women's","http://www.aliexpress.com/category/200001800/jackets.html"
"Socks","Women's","http://www.aliexpress.com/category/200001735/socks.html"
"Jackets","Girls'","http://www.aliexpress.com/category/200001798/jackets.html"
"Jackets","Boys'","http://www.aliexpress.com/category/200001797/jackets.html"
"Sports Jerseys","Men's","http://www.aliexpress.com/category/200001486/sports-jerseys.html"
"Shorts","Men's","http://www.aliexpress.com/category/200001601/shorts.html"
"Socks","Men's","http://www.aliexpress.com/category/200001738/socks.html"
"Sports Jerseys","Girls'","http://www.aliexpress.com/category/200001485/sports-jerseys.html"
"Socks","Girls'","http://www.aliexpress.com/category/200001737/socks.html"
"Shorts","Girls'","http://www.aliexpress.com/category/200001600/shorts.html"
"Sports Jerseys","Boys'","http://www.aliexpress.com/category/200001484/sports-jerseys.html"
"Shorts","Boys'","http://www.aliexpress.com/category/200001599/shorts.html"
"Socks","Boys'","http://www.aliexpress.com/category/200001736/socks.html"
"Sports Jerseys","Women's","http://www.aliexpress.com/category/200001487/sports-jerseys.html"
"Shorts","Women's","http://www.aliexpress.com/category/200001602/shorts.html"
"Socks","Women's","http://www.aliexpress.com/category/200001739/socks.html"
"Body Suits","Women's","http://www.aliexpress.com/category/200001822/body-suits.html"
"Eyewear","Women's","http://www.aliexpress.com/category/200003510/eyewear.html"
"One-Piece Suits","Women's","http://www.aliexpress.com/category/200001858/one-piece-suits.html"
"Rash Guards","Women's","http://www.aliexpress.com/category/200002031/rash-guards.html"
"Two-Piece Suits","Women's","http://www.aliexpress.com/category/200001884/two-piece-suits.html"
"Wetsuits","Women's","http://www.aliexpress.com/category/200002035/wetsuits.html"
"Body Suits","Men's","http://www.aliexpress.com/category/200001821/body-suits.html"
"Briefs","Men's","http://www.aliexpress.com/category/200001824/briefs.html"
"Eyewear","Men's","http://www.aliexpress.com/category/200003509/eyewear.html"
"Jammers","Men's","http://www.aliexpress.com/category/200001852/jammers.html"
"Rash Guards","Men's","http://www.aliexpress.com/category/200002030/rash-guards.html"
"Wetsuits","Men's","http://www.aliexpress.com/category/200002034/wetsuits.html"
"Eyewear","Boys'","http://www.aliexpress.com/category/200003507/eyewear.html"
"Rash Guards","Boys'","http://www.aliexpress.com/category/200002028/rash-guards.html"
"Briefs","Boys'","http://www.aliexpress.com/category/200001823/briefs.html"
"Body Suits","Boys'","http://www.aliexpress.com/category/200001819/body-suits.html"
"Wetsuits","Boys'","http://www.aliexpress.com/category/200002032/wetsuits.html"
"Body Suits","Girls'","http://www.aliexpress.com/category/200001820/body-suits.html"
"Eyewear","Girls'","http://www.aliexpress.com/category/200003508/eyewear.html"
"One-Piece Suits","Girls'","http://www.aliexpress.com/category/200001857/one-piece-suits.html"
"Rash Guards","Girls'","http://www.aliexpress.com/category/200002029/rash-guards.html"
"Two-Piece Suits","Girls'","http://www.aliexpress.com/category/200001883/two-piece-suits.html"
"Wetsuits","Girls'","http://www.aliexpress.com/category/200002033/wetsuits.html"
"Jackets","Men's","http://www.aliexpress.com/category/200001803/jackets.html"
"Shirts","Men's","http://www.aliexpress.com/category/200001966/shirts.html"
"Socks","Men's","http://www.aliexpress.com/category/200001742/socks.html"
"Shorts","Men's","http://www.aliexpress.com/category/200001605/shorts.html"
"Skorts","Women's","http://www.aliexpress.com/category/200001866/skorts.html"
"Dresses","Women's","http://www.aliexpress.com/category/200001834/dresses.html"
"Jackets","Women's","http://www.aliexpress.com/category/200001804/jackets.html"
"Skirts","Women's","http://www.aliexpress.com/category/200001864/skirts.html"
"Shirts","Women's","http://www.aliexpress.com/category/200001971/shirts.html"
"Shorts","Women's","http://www.aliexpress.com/category/200001606/shorts.html"
"Socks","Women's","http://www.aliexpress.com/category/200001743/socks.html"
"Dresses","Girls'","http://www.aliexpress.com/category/200001833/dresses.html"
"Sets","Women's","http://www.aliexpress.com/category/200003878/sets.html"
"Sports Jerseys","Women's","http://www.aliexpress.com/category/200001491/sports-jerseys.html"
"Sets","Men's","http://www.aliexpress.com/category/200003877/sets.html"
"Sports Jerseys","Men's","http://www.aliexpress.com/category/200001490/sports-jerseys.html"
"Sets","Girls'","http://www.aliexpress.com/category/200003882/sets.html"
"Sets","Boys'","http://www.aliexpress.com/category/200003879/sets.html"
"Sports Jerseys","Boys'","http://www.aliexpress.com/category/200001488/sports-jerseys.html"
"Yoga Sets","Women's","http://www.aliexpress.com/category/200003798/yoga-sets.html"
"Pants","Women's","http://www.aliexpress.com/category/200001550/pants.html"
"sets","Women's","http://www.aliexpress.com/category/200003754/sets.html"
"Socks","Women's","http://www.aliexpress.com/category/200001753/socks.html"
"Shirts","Women's","http://www.aliexpress.com/category/200001978/shirts.html"
"Shorts","Women's","http://www.aliexpress.com/category/200001616/shorts.html"
"Shorts","Men's","http://www.aliexpress.com/category/200001615/shorts.html"
"Yoga Sets","Men's","http://www.aliexpress.com/category/200003799/yoga-sets.html"
"Shirts","Men's","http://www.aliexpress.com/category/200001970/shirts.html"
"Socks","Men's","http://www.aliexpress.com/category/200001751/socks.html"
"Shirts","Girls'","http://www.aliexpress.com/category/200001969/shirts.html"
"Yoga Sets","Girls'","http://www.aliexpress.com/category/200003800/yoga-sets.html"
"Yoga Sets","Boys'","http://www.aliexpress.com/category/200003801/yoga-sets.html"
"Armwarmers","Men's","http://www.aliexpress.com/category/200001809/armwarmers.html"
"Bib Shorts","Men's","http://www.aliexpress.com/category/200001813/bib-shorts.html"
"Caps","Men's","http://www.aliexpress.com/category/200001827/caps.html"
"Eyewear","Men's","http://www.aliexpress.com/category/200003501/eyewear.html"
"Gloves","Men's","http://www.aliexpress.com/category/200001837/gloves.html"
"Jackets","Men's","http://www.aliexpress.com/category/200001771/jackets.html"
"Legwarmers","Men's","http://www.aliexpress.com/category/200001855/legwarmers.html"
"Shorts","Men's","http://www.aliexpress.com/category/200001577/shorts.html"
"Socks","Men's","http://www.aliexpress.com/category/200001705/socks.html"
"Sports Jerseys","Men's","http://www.aliexpress.com/category/200001460/sports-jerseys.html"
"Vests","Men's","http://www.aliexpress.com/category/200001887/vests.html"
"Armwarmers","Women's","http://www.aliexpress.com/category/200001810/armwarmers.html"
"Bib Shorts","Women's","http://www.aliexpress.com/category/200001814/bib-shorts.html"
"Caps","Women's","http://www.aliexpress.com/category/200001828/caps.html"
"Eyewear","Women's","http://www.aliexpress.com/category/200003502/eyewear.html"
"Gloves","Women's","http://www.aliexpress.com/category/200001838/gloves.html"
"Jackets","Women's","http://www.aliexpress.com/category/200001772/jackets.html"
"Legwarmers","Women's","http://www.aliexpress.com/category/200001856/legwarmers.html"
"Shorts","Women's","http://www.aliexpress.com/category/200001578/shorts.html"
"Socks","Women's","http://www.aliexpress.com/category/200001706/socks.html"
"Sports Jerseys","Women's","http://www.aliexpress.com/category/200001462/sports-jerseys.html"
"Vests","Women's","http://www.aliexpress.com/category/200001975/vests.html"
"Caps","Boys'","http://www.aliexpress.com/category/200001825/caps.html"
"Eyewear","Boys'","http://www.aliexpress.com/category/200003499/eyewear.html"
"Gloves","Boys'","http://www.aliexpress.com/category/200001835/gloves.html"
"Jackets","Boys'","http://www.aliexpress.com/category/200001769/jackets.html"
"Legwarmers","Boys'","http://www.aliexpress.com/category/200001853/legwarmers.html"
"Shorts","Boys'","http://www.aliexpress.com/category/200001575/shorts.html"
"Socks","Boys'","http://www.aliexpress.com/category/200001703/socks.html"
"Sports Jerseys","Boys'","http://www.aliexpress.com/category/200001449/sports-jerseys.html"
"Armwarmers","Girls'","http://www.aliexpress.com/category/200001808/armwarmers.html"
"Caps","Girls'","http://www.aliexpress.com/category/200001826/caps.html"
"Eyewear","Girls'","http://www.aliexpress.com/category/200003500/eyewear.html"
"Gloves","Girls'","http://www.aliexpress.com/category/200001836/gloves.html"
"Sports Jerseys","Girls'","http://www.aliexpress.com/category/200001453/sports-jerseys.html"
